what,kind,bundleId,bundleVersion,description,time
stopped,bundle,org.eclipse.dltk.console.ui,3.0.0.v20101212-1106,"org.eclipse.dltk.console.ui",1326668624208
stopped,bundle,org.eclipse.wst.server.preview.adapter,1.1.0.v20090311b,"org.eclipse.wst.server.preview.adapter",1326668624208
stopped,bundle,org.eclipse.wst.server.http.ui,1.0.200.v20090113,"org.eclipse.wst.server.http.ui",1326668624208
stopped,bundle,org.eclipse.wst.server.ui,1.1.306.v20110823_1704,"org.eclipse.wst.server.ui",1326668624210
stopped,bundle,org.eclipse.debug.ui,3.7.101.v20110817_r371,"org.eclipse.debug.ui",1326668624214
stopped,bundle,org.eclipse.mylyn.wikitext.ui,1.5.0.v20110608-1400,"org.eclipse.mylyn.wikitext.ui",1326668624214
stopped,bundle,org.eclipse.ui.console,3.5.100.v20110511,"org.eclipse.ui.console",1326668624214
stopped,bundle,org.eclipse.mylyn.commons.ui,3.6.1.v20110720-0100,"org.eclipse.mylyn.commons.ui",1326668624214
stopped,bundle,org.eclipse.datatools.sqltools.plan,1.0.0.v200906022302,"org.eclipse.datatools.sqltools.plan",1326668624214
stopped,bundle,org.eclipse.datatools.sqltools.result.ui,1.1.1.v201101140415,"org.eclipse.datatools.sqltools.result.ui",1326668624214
stopped,bundle,org.eclipse.datatools.sqltools.common.ui,1.0.0.v200906022302,"org.eclipse.datatools.sqltools.common.ui",1326668624214
stopped,bundle,org.eclipse.ui.editors,3.7.0.v20110517-0800,"org.eclipse.ui.editors",1326668624215
stopped,bundle,org.eclipse.wst.common.snippets,1.2.100.v201103281740,"org.eclipse.wst.common.snippets",1326668624215
stopped,bundle,org.eclipse.ui.workbench.texteditor,3.7.0.v20110505-0800,"org.eclipse.ui.workbench.texteditor",1326668624215
stopped,bundle,org.eclipse.compare.core,3.5.200.I20110208-0800,"org.eclipse.compare.core",1326668624215
stopped,bundle,org.eclipse.emf.exporter,2.6.0.v20100521-1846,"org.eclipse.emf.exporter",1326668624215
stopped,bundle,org.eclipse.emf.importer.ecore,2.6.0.v20100521-1846,"org.eclipse.emf.importer.ecore",1326668624215
stopped,bundle,org.eclipse.emf.importer.java,2.6.0.v20100521-1846,"org.eclipse.emf.importer.java",1326668624215
stopped,bundle,org.eclipse.emf.importer.rose,2.6.0.v20100521-1846,"org.eclipse.emf.importer.rose",1326668624215
stopped,bundle,org.eclipse.emf.importer,2.6.0.v20100521-1846,"org.eclipse.emf.importer",1326668624215
stopped,bundle,org.eclipse.emf.converter,2.5.0.v20110913-1156,"org.eclipse.emf.converter",1326668624215
stopped,bundle,org.eclipse.emf.codegen.ecore.ui,2.7.0.v20110913-1156,"org.eclipse.emf.codegen.ecore.ui",1326668624215
stopped,bundle,org.eclipse.emf.mapping.ecore2ecore.editor,2.5.0.v20110120-0110,"org.eclipse.emf.mapping.ecore2ecore.editor",1326668624215
stopped,bundle,org.eclipse.emf.ecore.editor,2.7.0.v20110913-1156,"org.eclipse.emf.ecore.editor",1326668624215
stopped,bundle,org.eclipse.emf.mapping.ecore2xml.ui,2.6.0.v20110120-0109,"org.eclipse.emf.mapping.ecore2xml.ui",1326668624215
stopped,bundle,org.eclipse.emf.mapping.ui,2.6.0.v20110913-1156,"org.eclipse.emf.mapping.ui",1326668624215
stopped,bundle,org.eclipse.graphiti.pattern,0.8.1.v20110829-1438,"org.eclipse.graphiti.pattern",1326668624215
stopped,bundle,org.eclipse.graphiti.ui,0.8.1.v20110829-1438,"org.eclipse.graphiti.ui",1326668624215
stopped,bundle,org.eclipse.jst.jsf.facesconfig,1.2.2.v201105031140,"org.eclipse.jst.jsf.facesconfig",1326668624215
stopped,bundle,org.eclipse.emf.edit.ui,2.7.0.v20110913-1156,"org.eclipse.emf.edit.ui",1326668624215
stopped,bundle,org.eclipse.gef,3.7.1.v20110830-1143,"org.eclipse.gef",1326668624215
activated,perspective,org.eclipse.jdt.ui,,"org.eclipse.jdt.ui.JavaPerspective",1326668650694
started,bundle,org.eclipse.osgi,3.7.1.R37x_v20110808-1106,"org.eclipse.osgi",1326668650695
started,bundle,org.eclipse.equinox.simpleconfigurator,1.0.200.v20110502-1955,"org.eclipse.equinox.simpleconfigurator",1326668650696
started,bundle,com.ibm.icu,4.4.2.v20110208,"com.ibm.icu",1326668650696
started,bundle,org.eclipse.core.contenttype,3.4.100.v20110423-0524,"org.eclipse.core.contenttype",1326668650697
started,bundle,org.eclipse.core.databinding.observable,1.4.0.I20110222-0800,"org.eclipse.core.databinding.observable",1326668650698
started,bundle,org.eclipse.core.expressions,3.4.300.v20110228,"org.eclipse.core.expressions",1326668650698
started,bundle,org.eclipse.core.filebuffers,3.5.200.v20110505-0800,"org.eclipse.core.filebuffers",1326668650698
started,bundle,org.eclipse.core.filesystem,1.3.100.v20110423-0524,"org.eclipse.core.filesystem",1326668650699
started,bundle,org.eclipse.core.jobs,3.5.100.v20110404,"org.eclipse.core.jobs",1326668650700
started,bundle,org.eclipse.core.net,1.2.100.I20110511-0800,"org.eclipse.core.net",1326668650700
started,bundle,org.eclipse.core.resources,3.7.100.v20110510-0712,"org.eclipse.core.resources",1326668650701
started,bundle,org.eclipse.core.runtime,3.7.0.v20110110,"org.eclipse.core.runtime",1326668650706
started,bundle,org.eclipse.core.runtime.compatibility,3.2.100.v20100505,"org.eclipse.core.runtime.compatibility",1326668650707
started,bundle,org.eclipse.core.runtime.compatibility.auth,3.2.200.v20110110,"org.eclipse.core.runtime.compatibility.auth",1326668650707
started,bundle,org.eclipse.debug.core,3.7.0.v20110518,"org.eclipse.debug.core",1326668650708
started,bundle,org.eclipse.egit.core,1.1.0.201109151100-r,"org.eclipse.egit.core",1326668650708
started,bundle,org.eclipse.egit.ui,1.1.0.201109151100-r,"org.eclipse.egit.ui",1326668650710
started,bundle,org.eclipse.epp.mpc.ui,1.1.1.I20110907-0947,"org.eclipse.epp.mpc.ui",1326668650710
started,bundle,org.eclipse.epp.usagedata.gathering,1.3.1.R201106061540,"org.eclipse.epp.usagedata.gathering",1326668650710
started,bundle,org.eclipse.epp.usagedata.recording,1.3.1.R201106061540,"org.eclipse.epp.usagedata.recording",1326668650711
started,bundle,org.eclipse.equinox.app,1.3.100.v20110321,"org.eclipse.equinox.app",1326668650711
started,bundle,org.eclipse.equinox.common,3.6.0.v20110523,"org.eclipse.equinox.common",1326668650712
started,bundle,org.eclipse.equinox.ds,1.3.1.R37x_v20110701,"org.eclipse.equinox.ds",1326668650712
started,bundle,org.eclipse.equinox.event,1.2.100.v20110502,"org.eclipse.equinox.event",1326668650713
started,bundle,org.eclipse.equinox.p2.core,2.1.0.v20110502-1955,"org.eclipse.equinox.p2.core",1326668650713
started,bundle,org.eclipse.equinox.p2.directorywatcher,1.0.300.v20110502-1955,"org.eclipse.equinox.p2.directorywatcher",1326668650713
started,bundle,org.eclipse.equinox.p2.engine,2.1.0.v20110511,"org.eclipse.equinox.p2.engine",1326668650714
started,bundle,org.eclipse.equinox.p2.metadata,2.1.0.v20110510,"org.eclipse.equinox.p2.metadata",1326668650714
started,bundle,org.eclipse.equinox.p2.metadata.repository,1.2.0.v20110511-1359,"org.eclipse.equinox.p2.metadata.repository",1326668650715
started,bundle,org.eclipse.equinox.p2.operations,2.1.0.v20110511-1821,"org.eclipse.equinox.p2.operations",1326668650715
started,bundle,org.eclipse.equinox.p2.reconciler.dropins,1.1.100.v20110510,"org.eclipse.equinox.p2.reconciler.dropins",1326668650715
started,bundle,org.eclipse.equinox.p2.repository,2.1.0.v20110601,"org.eclipse.equinox.p2.repository",1326668650716
started,bundle,org.eclipse.equinox.p2.ui.sdk.scheduler,1.0.100.v20110502-1955,"org.eclipse.equinox.p2.ui.sdk.scheduler",1326668650716
started,bundle,org.eclipse.equinox.p2.updatechecker,1.1.200.v20110502-1955,"org.eclipse.equinox.p2.updatechecker",1326668650717
started,bundle,org.eclipse.equinox.preferences,3.4.1.R37x_v20110725,"org.eclipse.equinox.preferences",1326668650717
started,bundle,org.eclipse.equinox.registry,3.5.101.R37x_v20110810-1611,"org.eclipse.equinox.registry",1326668650717
started,bundle,org.eclipse.equinox.security,1.1.1.R37x_v20110822-1018,"org.eclipse.equinox.security",1326668650718
started,bundle,org.eclipse.equinox.util,1.0.300.v20110502,"org.eclipse.equinox.util",1326668650718
started,bundle,org.eclipse.help,3.5.100.v20110426,"org.eclipse.help",1326668650718
started,bundle,org.eclipse.jdt.core,3.7.1.v_B76_R37x,"org.eclipse.jdt.core",1326668650719
started,bundle,org.eclipse.jdt.core.manipulation,1.4.0.v20110505-0800,"org.eclipse.jdt.core.manipulation",1326668650721
started,bundle,org.eclipse.jdt.launching,3.6.1.v20110803_r371,"org.eclipse.jdt.launching",1326668650721
started,bundle,org.eclipse.jdt.launching.macosx,3.2.100.v20110509,"org.eclipse.jdt.launching.macosx",1326668650722
started,bundle,org.eclipse.jdt.ui,3.7.1.r371_v20110824-0800,"org.eclipse.jdt.ui",1326668650724
started,bundle,org.eclipse.jface,3.7.0.I20110522-1430,"org.eclipse.jface",1326668650725
started,bundle,org.eclipse.jgit,1.1.0.201109151100-r,"org.eclipse.jgit",1326668650727
started,bundle,org.eclipse.jsch.core,1.1.300.I20110514-0800,"org.eclipse.jsch.core",1326668650727
started,bundle,org.eclipse.m2e.logback.configuration,1.0.100.20110804-1717,"org.eclipse.m2e.logback.configuration",1326668650727
started,bundle,org.eclipse.mylyn.bugzilla.core,3.6.2.v20110903-0100,"org.eclipse.mylyn.bugzilla.core",1326668650728
started,bundle,org.eclipse.mylyn.bugzilla.ui,3.6.0.v20110608-1400,"org.eclipse.mylyn.bugzilla.ui",1326668650728
started,bundle,org.eclipse.mylyn.commons.identity,0.8.0.v20110608-1400,"org.eclipse.mylyn.commons.identity",1326668650729
started,bundle,org.eclipse.mylyn.commons.net,3.6.0.v20110608-1400,"org.eclipse.mylyn.commons.net",1326668650729
started,bundle,org.eclipse.mylyn.commons.ui,3.6.1.v20110720-0100,"org.eclipse.mylyn.commons.ui",1326668650729
started,bundle,org.eclipse.mylyn.context.core,3.6.1.v20110720-0100,"org.eclipse.mylyn.context.core",1326668650730
started,bundle,org.eclipse.mylyn.context.ui,3.6.0.v20110608-1400,"org.eclipse.mylyn.context.ui",1326668650730
started,bundle,org.eclipse.mylyn.monitor.ui,3.6.0.v20110608-1400,"org.eclipse.mylyn.monitor.ui",1326668650730
started,bundle,org.eclipse.mylyn.tasks.ui,3.6.2.v20110826-0100,"org.eclipse.mylyn.tasks.ui",1326668650731
started,bundle,org.eclipse.mylyn.team.ui,3.6.1.v20110825-0100,"org.eclipse.mylyn.team.ui",1326668650731
started,bundle,org.eclipse.search,3.7.0.v20110505-0800,"org.eclipse.search",1326668650732
started,bundle,org.eclipse.team.core,3.6.0.I20110525-0800,"org.eclipse.team.core",1326668650732
started,bundle,org.eclipse.team.cvs.core,3.3.400.I20110510-0800,"org.eclipse.team.cvs.core",1326668650733
started,bundle,org.eclipse.team.cvs.ui,3.3.400.I20110510-0800,"org.eclipse.team.cvs.ui",1326668650733
started,bundle,org.eclipse.team.ui,3.6.100.I20110525-0800,"org.eclipse.team.ui",1326668650734
started,bundle,org.eclipse.ui,3.7.0.I20110602-0100,"org.eclipse.ui",1326668650735
started,bundle,org.eclipse.ui.console,3.5.100.v20110511,"org.eclipse.ui.console",1326668650735
started,bundle,org.eclipse.ui.editors,3.7.0.v20110517-0800,"org.eclipse.ui.editors",1326668650736
started,bundle,org.eclipse.ui.forms,3.5.100.v20110425,"org.eclipse.ui.forms",1326668650736
started,bundle,org.eclipse.ui.ide,3.7.0.v20110809-1737,"org.eclipse.ui.ide",1326668650737
started,bundle,org.eclipse.ui.intro,3.4.100.v20110425,"org.eclipse.ui.intro",1326668650737
started,bundle,org.eclipse.ui.intro.universal,3.2.500.v20110510,"org.eclipse.ui.intro.universal",1326668650737
started,bundle,org.eclipse.ui.net,1.2.100.I20110511-0800,"org.eclipse.ui.net",1326668650738
started,bundle,org.eclipse.ui.views,3.6.0.I20110412-0800,"org.eclipse.ui.views",1326668650738
started,bundle,org.eclipse.ui.views.log,1.0.200.v20110404,"org.eclipse.ui.views.log",1326668650739
started,bundle,org.eclipse.ui.workbench,3.7.0.I20110519-0100,"org.eclipse.ui.workbench",1326668650739
started,bundle,org.eclipse.ui.workbench.texteditor,3.7.0.v20110505-0800,"org.eclipse.ui.workbench.texteditor",1326668650740
started,bundle,org.eclipse.update.configurator,3.3.100.v20100512,"org.eclipse.update.configurator",1326668650740
started,bundle,org.eclipse.update.core,3.2.500.v20110330,"org.eclipse.update.core",1326668650740
started,bundle,org.eclipse.update.scheduler,3.2.300.v20100512,"org.eclipse.update.scheduler",1326668650741
started,bundle,org.eclipse.wb.discovery.core,1.1.0.r37x201109091028,"org.eclipse.wb.discovery.core",1326668650741
started,bundle,org.eclipse.wb.discovery.ui,1.1.0.r37x201109091028,"org.eclipse.wb.discovery.ui",1326668650741
started,bundle,org.eclipse.wst.common.project.facet.core,1.4.200.v201103170332,"org.eclipse.wst.common.project.facet.core",1326668650742
started,bundle,com.google.appengine.eclipse.core,2.5.0.v201112160242-rel-r37,"com.google.appengine.eclipse.core",1326668650742
started,bundle,com.google.gdt.eclipse.core,2.5.0.v201112160242-rel-r37,"com.google.gdt.eclipse.core",1326668650742
started,bundle,com.google.gdt.eclipse.designer,2.4.2.r37x201110201842,"com.google.gdt.eclipse.designer",1326668650742
started,bundle,com.google.gdt.eclipse.designer.UiBinder,2.4.2.r37x201110201842,"com.google.gdt.eclipse.designer.UiBinder",1326668650743
started,bundle,com.google.gdt.eclipse.designer.hosted,2.4.2.r37x201110201837,"com.google.gdt.eclipse.designer.hosted",1326668650743
started,bundle,com.google.gdt.eclipse.login,2.5.0.v201112160242-rel-r37,"com.google.gdt.eclipse.login",1326668650743
started,bundle,com.google.gdt.eclipse.managedapis,2.5.0.v201112160242-rel-r37,"com.google.gdt.eclipse.managedapis",1326668650743
started,bundle,com.google.gdt.eclipse.suite.ext,2.5.0.v201112160242-rel-r37,"com.google.gdt.eclipse.suite.ext",1326668650744
started,bundle,org.eclipse.wb.core,1.2.0.r37x201110191514,"org.eclipse.wb.core",1326668650744
started,bundle,org.eclipse.wb.core.lib,1.2.0.r37x201110191514,"org.eclipse.wb.core.lib",1326668650744
started,bundle,org.eclipse.pde.launching,3.6.0.v20110506,"org.eclipse.pde.launching",1326668650745
started,bundle,org.eclipse.pde.ui,3.6.100.v20110603,"org.eclipse.pde.ui",1326668650746
os,sysinfo,,,"macosx",1326668650749
arch,sysinfo,,,"x86",1326668650749
ws,sysinfo,,,"cocoa",1326668650749
locale,sysinfo,,,"en_US",1326668650749
processors,sysinfo,,,"8",1326668650749
java.runtime.name,sysinfo,,,"Java(TM) SE Runtime Environment",1326668650749
java.runtime.version,sysinfo,,,"1.6.0_29-b11-402-11M3527",1326668650749
java.specification.name,sysinfo,,,"Java Platform API Specification",1326668650749
java.specification.vendor,sysinfo,,,"Sun Microsystems Inc.",1326668650749
java.specification.version,sysinfo,,,"1.6",1326668650749
java.vendor,sysinfo,,,"Apple Inc.",1326668650749
java.version,sysinfo,,,"1.6.0_29",1326668650749
java.vm.info,sysinfo,,,"mixed mode",1326668650749
java.vm.name,sysinfo,,,"Java HotSpot(TM) Client VM",1326668650749
java.vm.specification.name,sysinfo,,,"Java Virtual Machine Specification",1326668650749
java.vm.specification.vendor,sysinfo,,,"Sun Microsystems Inc.",1326668650749
java.vm.specification.version,sysinfo,,,"1.0",1326668650749
java.vm.vendor,sysinfo,,,"Apple Inc.",1326668650749
java.vm.version,sysinfo,,,"20.4-b02-402",1326668650749
started,bundle,org.eclipse.m2e.usagedata,1.0.100.20110804-1717,"org.eclipse.m2e.usagedata",1326668650751
started,bundle,org.eclipse.dltk.core,3.0.1.v20110823,"org.eclipse.dltk.core",1326668650809
started,bundle,org.eclipse.dltk.launching,3.0.0.v20110423,"org.eclipse.dltk.launching",1326668650825
started,bundle,org.eclipse.dltk.ui,3.0.1.v20110823,"org.eclipse.dltk.ui",1326668650828
started,bundle,org.eclipse.wst.web,1.1.500.v201104251400,"org.eclipse.wst.web",1326668650833
started,bundle,org.eclipse.jst.ws.jaxws.utils,1.0.0.v201004171919,"org.eclipse.jst.ws.jaxws.utils",1326668650843
started,bundle,org.eclipse.emf.common,2.7.0.v20110912-0920,"org.eclipse.emf.common",1326668650868
started,bundle,org.eclipse.pde.core,3.7.1.v20110822-2108,"org.eclipse.pde.core",1326668650883
started,bundle,org.eclipse.libra.facet,0.1.1.201109131144,"org.eclipse.libra.facet",1326668650884
error,log,,,"Bad extension specification",1326668650885
error,log,,,"startup class must implement org.eclipse.ui.IStartup",1326668650886
started,bundle,org.eclipse.emf.ecore,2.7.0.v20110912-0920,"org.eclipse.emf.ecore",1326668650902
started,bundle,org.eclipse.emf.ecore.xmi,2.7.0.v20110520-1406,"org.eclipse.emf.ecore.xmi",1326668650989
started,bundle,org.eclipse.jst.common.project.facet.core,1.4.200.v201103170302,"org.eclipse.jst.common.project.facet.core",1326668651054
started,bundle,org.eclipse.jst.ws.jaxrs.core,1.0.301.v201108240656,"org.eclipse.jst.ws.jaxrs.core",1326668651056
opened,view,org.eclipse.ui.ide,3.7.0.v20110809-1737,"org.eclipse.ui.views.ProblemView",1326668653354
activated,view,org.eclipse.jdt.ui,3.7.1.r371_v20110824-0800,"org.eclipse.jdt.ui.PackageExplorer",1326668658522
started,bundle,org.eclipse.ui.navigator,3.5.100.v20110809-2227,"org.eclipse.ui.navigator",1326668658523
started,bundle,org.eclipse.debug.ui,3.7.101.v20110817_r371,"org.eclipse.debug.ui",1326668661696
started,bundle,org.eclipse.wst.xsl.debug.ui,1.0.200.v201101281837,"org.eclipse.wst.xsl.debug.ui",1326668661731
started,bundle,org.eclipse.php.debug.ui,3.0.0.v20110516-1100,"org.eclipse.php.debug.ui",1326668661820
started,bundle,org.eclipse.wst.sse.ui,1.3.1.v201108191312,"org.eclipse.wst.sse.ui",1326668661829
started,bundle,org.eclipse.wst.sse.core,1.1.601.v201108151912,"org.eclipse.wst.sse.core",1326668661846
started,bundle,org.eclipse.php.ui,3.0.0.v20110516-1100,"org.eclipse.php.ui",1326668661849
started,bundle,org.eclipse.php.core,3.0.0.v20110516-1100,"org.eclipse.php.core",1326668661902
started,bundle,org.eclipse.dltk.core.index.sql,3.0.0.v20110423,"org.eclipse.dltk.core.index.sql",1326668661923
started,bundle,com.google.gdt.eclipse.platform.shared,2.5.0.v201112160242-rel-r37,"com.google.gdt.eclipse.platform.shared",1326668662137
started,bundle,com.google.gdt.eclipse.platform.e37,2.5.0.v201112160242-rel-r37,"com.google.gdt.eclipse.platform.e37",1326668662138
started,bundle,org.eclipse.dltk.core.index.sql.h2,3.0.0.v20110423,"org.eclipse.dltk.core.index.sql.h2",1326668662186
started,bundle,com.google.gwt.eclipse.core,2.5.0.v201112160242-rel-r37,"com.google.gwt.eclipse.core",1326668662224
started,bundle,com.google.gdt.eclipse.maven,2.5.0.v201112160242-rel-r37,"com.google.gdt.eclipse.maven",1326668662246
started,bundle,com.google.gdt.eclipse.suite,2.5.0.v201112160242-rel-r37,"com.google.gdt.eclipse.suite",1326668662252
started,bundle,org.eclipse.core.variables,3.2.500.v20110511,"org.eclipse.core.variables",1326668662271
started,bundle,org.eclipse.jdt.debug,3.7.1.v20110802_r371,"org.eclipse.jdt.debug",1326668662282
started,bundle,org.eclipse.m2e.launching,1.0.100.20110804-1717,"org.eclipse.m2e.launching",1326668662685
started,bundle,org.eclipse.jdt.debug.ui,3.6.1.v20110803_r371,"org.eclipse.jdt.debug.ui",1326668662734
started,bundle,org.eclipse.php.debug.daemon,3.0.0.v20110516-1100,"org.eclipse.php.debug.daemon",1326668662754
started,bundle,org.eclipse.php.server.core,3.0.0.v20110516-1100,"org.eclipse.php.server.core",1326668662757
started,bundle,org.eclipse.php.debug.core,3.0.0.v20110516-1100,"org.eclipse.php.debug.core",1326668662804
deactivated,workbench,org.eclipse.ui.workbench,3.7.0.I20110519-0100,"",1326668663436
activated,workbench,org.eclipse.ui.workbench,3.7.0.I20110519-0100,"",1326668675093
activated,view,org.eclipse.ui,3.7.0.I20110602-0100,"org.eclipse.ui.internal.introview",1326668675116
activated,view,org.eclipse.jdt.ui,3.7.1.r371_v20110824-0800,"org.eclipse.jdt.ui.PackageExplorer",1326668679762
started,bundle,org.eclipse.ltk.core.refactoring,3.5.201.r371_v20110824-0800,"org.eclipse.ltk.core.refactoring",1326668682021
started,bundle,org.eclipse.ltk.ui.refactoring,3.6.0.v20110505-0800,"org.eclipse.ltk.ui.refactoring",1326668684943
started,bundle,org.eclipse.compare.core,3.5.200.I20110208-0800,"org.eclipse.compare.core",1326668684979
started,bundle,org.eclipse.compare,3.5.201.R37x_v20110817-0800,"org.eclipse.compare",1326668684983
deactivated,workbench,org.eclipse.ui.workbench,3.7.0.I20110519-0100,"",1326668689550
activated,workbench,org.eclipse.ui.workbench,3.7.0.I20110519-0100,"",1326668744553
started,bundle,org.eclipse.wst.common.frameworks,1.2.101.v201107192200,"org.eclipse.wst.common.frameworks",1326668747234
started,bundle,org.eclipse.wst.common.emf,1.2.100.v201101101900,"org.eclipse.wst.common.emf",1326668747246
started,bundle,org.eclipse.jem.util,2.1.100.v201103021400,"org.eclipse.jem.util",1326668747253
started,bundle,org.eclipse.wst.common.emfworkbench.integration,1.2.101.v201107140600,"org.eclipse.wst.common.emfworkbench.integration",1326668747256
started,bundle,org.eclipse.wst.common.core,1.2.0.v200908252030,"org.eclipse.wst.common.core",1326668747271
started,bundle,org.eclipse.wst.common.modulecore,1.2.101.v201108231700,"org.eclipse.wst.common.modulecore",1326668747274
started,bundle,org.eclipse.jst.j2ee.core,1.2.101.v201108110300,"org.eclipse.jst.j2ee.core",1326668747277
started,bundle,org.eclipse.jem,2.0.500.v201104271400,"org.eclipse.jem",1326668747285
started,bundle,org.eclipse.wst.common.frameworks.ui,1.2.100.v201105122000,"org.eclipse.wst.common.frameworks.ui",1326668747300
started,bundle,org.eclipse.wst.xml.core,1.1.601.v201108302147,"org.eclipse.wst.xml.core",1326668747301
started,bundle,org.eclipse.wst.validation,1.2.302.v201107140600,"org.eclipse.wst.validation",1326668747308
started,bundle,org.eclipse.jst.j2ee,1.1.501.v201108231845,"org.eclipse.jst.j2ee",1326668747325
started,bundle,org.eclipse.jst.jee,1.0.401.v201105122000,"org.eclipse.jst.jee",1326668747340
started,bundle,org.eclipse.jpt.common.core,1.0.1.v201108080010,"org.eclipse.jpt.common.core",1326668747360
started,bundle,org.eclipse.jpt.jpa.core,3.0.1.v201109073010,"org.eclipse.jpt.jpa.core",1326668747360
started,bundle,org.eclipse.m2e.core,1.0.100.20110804-1717,"org.eclipse.m2e.core",1326668747871
started,bundle,org.eclipse.wst.xml.ui,1.1.201.v201108151912,"org.eclipse.wst.xml.ui",1326668749699
started,bundle,org.eclipse.wst.common.uriresolver,1.1.401.v201004280700,"org.eclipse.wst.common.uriresolver",1326668749961
started,bundle,org.eclipse.m2e.editor.xml,1.0.100.20110804-1717,"org.eclipse.m2e.editor.xml",1326668750016
started,bundle,org.eclipse.wst.xsl.core,1.1.100.v201102270516,"org.eclipse.wst.xsl.core",1326668750019
started,bundle,org.eclipse.wst.xsl.exslt.core,1.0.0.v201005240426,"org.eclipse.wst.xsl.exslt.core",1326668750021
started,bundle,org.eclipse.wst.xsd.core,1.1.600.v201104070312,"org.eclipse.wst.xsd.core",1326668750065
started,bundle,org.eclipse.xsd,2.7.0.v20110606-0949,"org.eclipse.xsd",1326668750070
started,bundle,org.eclipse.wst.internet.cache,1.0.400.v201004280700,"org.eclipse.wst.internet.cache",1326668750139
started,bundle,org.eclipse.wst.dtd.ui,1.0.600.v201103171359,"org.eclipse.wst.dtd.ui",1326668750293
started,bundle,org.eclipse.wst.xsl.ui,1.1.200.v201103082057,"org.eclipse.wst.xsl.ui",1326668750377
opened,editor,org.eclipse.wst.xml.ui,1.1.201.v201108151912,"org.eclipse.wst.xml.ui.internal.tabletree.XMLMultiPageEditorPart",1326668750409
activated,editor,org.eclipse.wst.xml.ui,1.1.201.v201108151912,"org.eclipse.wst.xml.ui.internal.tabletree.XMLMultiPageEditorPart",1326668750498
started,bundle,org.eclipse.jem.workbench,2.0.400.v201104251400,"org.eclipse.jem.workbench",1326668751818
deactivated,workbench,org.eclipse.ui.workbench,3.7.0.I20110519-0100,"",1326668776837
activated,workbench,org.eclipse.ui.workbench,3.7.0.I20110519-0100,"",1326668856725
deactivated,workbench,org.eclipse.ui.workbench,3.7.0.I20110519-0100,"",1326668858940
activated,workbench,org.eclipse.ui.workbench,3.7.0.I20110519-0100,"",1326669566513
activated,view,org.eclipse.jdt.ui,3.7.1.r371_v20110824-0800,"org.eclipse.jdt.ui.PackageExplorer",1326669572223
opened,editor,org.eclipse.wst.xml.ui,1.1.201.v201108151912,"org.eclipse.wst.xml.ui.internal.tabletree.XMLMultiPageEditorPart",1326669574152
activated,editor,org.eclipse.wst.xml.ui,1.1.201.v201108151912,"org.eclipse.wst.xml.ui.internal.tabletree.XMLMultiPageEditorPart",1326669574193
executed,command,org.eclipse.ui,3.7.0.I20110602-0100,"org.eclipse.ui.file.saveAll",1326669595382
started,bundle,com.google.gdt.eclipse.appengine.rpc,2.5.0.v201112160242-rel-r37,"com.google.gdt.eclipse.appengine.rpc",1326669595409
started,bundle,org.eclipse.jdt.apt.core,3.3.500.v20110420-1015,"org.eclipse.jdt.apt.core",1326669595421
started,bundle,org.eclipse.jdt.apt.pluggable.core,1.0.400.v20110305-1450,"org.eclipse.jdt.apt.pluggable.core",1326669595456
activated,view,org.eclipse.jdt.ui,3.7.1.r371_v20110824-0800,"org.eclipse.jdt.ui.PackageExplorer",1326669596681
opened,editor,org.eclipse.ui.editors,3.7.0.v20110517-0800,"org.eclipse.ui.DefaultTextEditor",1326669597055
activated,editor,org.eclipse.ui.editors,3.7.0.v20110517-0800,"org.eclipse.ui.DefaultTextEditor",1326669597120
activated,view,org.eclipse.jdt.ui,3.7.1.r371_v20110824-0800,"org.eclipse.jdt.ui.PackageExplorer",1326669598894
activated,editor,org.eclipse.wst.xml.ui,1.1.201.v201108151912,"org.eclipse.wst.xml.ui.internal.tabletree.XMLMultiPageEditorPart",1326669599198
deactivated,workbench,org.eclipse.ui.workbench,3.7.0.I20110519-0100,"",1326669604668
activated,workbench,org.eclipse.ui.workbench,3.7.0.I20110519-0100,"",1326669606101
deactivated,workbench,org.eclipse.ui.workbench,3.7.0.I20110519-0100,"",1326669607061
started,bundle,org.eclipse.equinox.p2.garbagecollector,1.0.200.v20110510,"org.eclipse.equinox.p2.garbagecollector",1326669895368
activated,workbench,org.eclipse.ui.workbench,3.7.0.I20110519-0100,"",1326670293803
deactivated,workbench,org.eclipse.ui.workbench,3.7.0.I20110519-0100,"",1326670302366
activated,workbench,org.eclipse.ui.workbench,3.7.0.I20110519-0100,"",1326670305898
deactivated,workbench,org.eclipse.ui.workbench,3.7.0.I20110519-0100,"",1326670307650
activated,workbench,org.eclipse.ui.workbench,3.7.0.I20110519-0100,"",1326670312092
deactivated,workbench,org.eclipse.ui.workbench,3.7.0.I20110519-0100,"",1326670313489
activated,workbench,org.eclipse.ui.workbench,3.7.0.I20110519-0100,"",1326670410813
deactivated,workbench,org.eclipse.ui.workbench,3.7.0.I20110519-0100,"",1326670415937
started,bundle,com.google.gdt.eclipse.platform,2.5.0.v201112160242-rel-r37,"com.google.gdt.eclipse.platform",1326670450116
started,bundle,org.eclipse.jdt.junit.core,3.7.0.v20110518-0800,"org.eclipse.jdt.junit.core",1326670489105
activated,workbench,org.eclipse.ui.workbench,3.7.0.I20110519-0100,"",1326670489441
executed,command,org.eclipse.ui,3.7.0.I20110602-0100,"org.eclipse.ui.newWizard",1326670489492
started,bundle,org.eclipse.wst.html.core,1.1.501.v201109080146,"org.eclipse.wst.html.core",1326670491537
activated,view,org.eclipse.jdt.ui,3.7.1.r371_v20110824-0800,"org.eclipse.jdt.ui.PackageExplorer",1326670500954
